{
  "Ansi 4 Color" : {
    "Green Component" : 0.39599207043647766,
    "Blue Component" : 0.99877572059631348,
    "Red Component" : 0.61468899250030518
  },
  "Tags" : [

  ],
  "Ansi 12 Color" : {
    "Green Component" : 0.39599207043647766,
    "Blue Component" : 0.99877572059631348,
    "Red Component" : 0.61468899250030518
  },
  "Ansi 7 Color" : {
    "Green Component" : 0.77144092321395874,
    "Blue Component" : 0.70993047952651978,
    "Red Component" : 0.76960963010787964
  },
  "Draw Powerline Glyphs" : true,
  "Bold Color" : {
    "Green Component" : 0.77144092321395874,
    "Blue Component" : 0.70993047952651978,
    "Red Component" : 0.76960963010787964
  },
  "Ansi 8 Color" : {
    "Green Component" : 0.36959609389305115,
    "Blue Component" : 0.29652142524719238,
    "Red Component" : 0.3829454779624939
  },
  "Ansi 9 Color" : {
    "Green Component" : 0,
    "Blue Component" : 0.3728577196598053,
    "Red Component" : 0.95683503150939941
  },
  "Right Option Key Sends" : 0,
  "Rows" : 25,
  "Default Bookmark" : "No",
  "Ansi 6 Color" : {
    "Green Component" : 0.81977206468582153,
    "Blue Component" : 0.92060363292694092,
    "Red Component" : 0.34416967630386353
  },
  "Cursor Guide Color" : {
    "Red Component" : 0.70213186740875244,
    "Color Space" : "sRGB",
    "Blue Component" : 1,
    "Alpha Component" : 0.25,
    "Green Component" : 0.9268307089805603
  },
  "Non-ASCII Anti Aliased" : true,
  "Use Bright Bold" : true,
  "Ansi 10 Color" : {
    "Green Component" : 0.87921047210693359,
    "Blue Component" : 0.14004382491111755,
    "Red Component" : 0.59473341703414917
  },
  "Ambiguous Double Width" : false,
  "Jobs to Ignore" : [
    "rlogin",
    "ssh",
    "slogin",
    "telnet"
  ],
  "Ansi 15 Color" : {
    "Green Component" : 0.96549534797668457,
    "Blue Component" : 0.9359474778175354,
    "Red Component" : 0.96537256240844727
  },
  "Foreground Color" : {
    "Green Component" : 0.77144092321395874,
    "Blue Component" : 0.70993047952651978,
    "Red Component" : 0.76960963010787964
  },
  "Working Directory" : "\/Users\/lion",
  "Blinking Cursor" : false,
  "Space" : 0,
  "Sync Title" : false,
  "Prompt Before Closing 2" : false,
  "BM Growl" : true,
  "Mouse Reporting" : true,
  "Command" : "",
  "Description" : "Default",
  "Disable Window Resizing" : true,
  "Screen" : -1,
  "Selection Color" : {
    "Green Component" : 0.20520767569541931,
    "Blue Component" : 0.20521116256713867,
    "Red Component" : 0.20521381497383118
  },
  "Initial Use Transparency" : false,
  "Columns" : 80,
  "Idle Code" : 0,
  "Hide After Opening" : false,
  "Ansi 13 Color" : {
    "Green Component" : 0,
    "Blue Component" : 0.3728577196598053,
    "Red Component" : 0.95683503150939941
  },
  "Custom Command" : "No",
  "ASCII Anti Aliased" : true,
  "Non Ascii Font" : "Monaco 12",
  "Vertical Spacing" : 1,
  "Use Bold Font" : true,
  "Option Key Sends" : 0,
  "Selected Text Color" : {
    "Green Component" : 0.77144092321395874,
    "Blue Component" : 0.70993047952651978,
    "Red Component" : 0.76960963010787964
  },
  "Background Color" : {
    "Green Component" : 0.10051288455724716,
    "Blue Component" : 0.10051459074020386,
    "Red Component" : 0.10051589459180832
  },
  "Character Encoding" : 4,
  "Ansi 11 Color" : {
    "Green Component" : 0.83635991811752319,
    "Blue Component" : 0.38154411315917969,
    "Red Component" : 0.87748134136199951
  },
  "Thin Strokes" : 4,
  "Use Italic Font" : true,
  "Unlimited Scrollback" : false,
  "Keyboard Map" : {
    "0xf700-0x260000" : {
      "Action" : 10,
      "Text" : "[1;6A"
    },
    "0x37-0x40000" : {
      "Action" : 11,
      "Text" : "0x1f"
    },
    "0x32-0x40000" : {
      "Action" : 11,
      "Text" : "0x00"
    },
    "0xf709-0x20000" : {
      "Action" : 10,
      "Text" : "[17;2~"
    },
    "0xf70c-0x20000" : {
      "Action" : 10,
      "Text" : "[20;2~"
    },
    "0xf729-0x20000" : {
      "Action" : 10,
      "Text" : "[1;2H"
    },
    "0xf72b-0x40000" : {
      "Action" : 10,
      "Text" : "[1;5F"
    },
    "0xf705-0x20000" : {
      "Action" : 10,
      "Text" : "[1;2Q"
    },
    "0xf703-0x260000" : {
      "Action" : 10,
      "Text" : "[1;6C"
    },
    "0xf700-0x220000" : {
      "Action" : 10,
      "Text" : "[1;2A"
    },
    "0xf701-0x280000" : {
      "Action" : 11,
      "Text" : "0x1b 0x1b 0x5b 0x42"
    },
    "0x38-0x40000" : {
      "Action" : 11,
      "Text" : "0x7f"
    },
    "0x33-0x40000" : {
      "Action" : 11,
      "Text" : "0x1b"
    },
    "0xf703-0x220000" : {
      "Action" : 10,
      "Text" : "[1;2C"
    },
    "0xf701-0x240000" : {
      "Action" : 10,
      "Text" : "[1;5B"
    },
    "0xf70d-0x20000" : {
      "Action" : 10,
      "Text" : "[21;2~"
    },
    "0xf702-0x260000" : {
      "Action" : 10,
      "Text" : "[1;6D"
    },
    "0xf729-0x40000" : {
      "Action" : 10,
      "Text" : "[1;5H"
    },
    "0xf706-0x20000" : {
      "Action" : 10,
      "Text" : "[1;2R"
    },
    "0x34-0x40000" : {
      "Action" : 11,
      "Text" : "0x1c"
    },
    "0xf700-0x280000" : {
      "Action" : 11,
      "Text" : "0x1b 0x1b 0x5b 0x41"
    },
    "0x2d-0x40000" : {
      "Action" : 11,
      "Text" : "0x1f"
    },
    "0xf70e-0x20000" : {
      "Action" : 10,
      "Text" : "[23;2~"
    },
    "0xf702-0x220000" : {
      "Action" : 10,
      "Text" : "[1;2D"
    },
    "0xf703-0x280000" : {
      "Action" : 11,
      "Text" : "0x1b 0x1b 0x5b 0x43"
    },
    "0xf700-0x240000" : {
      "Action" : 10,
      "Text" : "[1;5A"
    },
    "0xf707-0x20000" : {
      "Action" : 10,
      "Text" : "[1;2S"
    },
    "0xf70a-0x20000" : {
      "Action" : 10,
      "Text" : "[18;2~"
    },
    "0x35-0x40000" : {
      "Action" : 11,
      "Text" : "0x1d"
    },
    "0xf70f-0x20000" : {
      "Action" : 10,
      "Text" : "[24;2~"
    },
    "0xf703-0x240000" : {
      "Action" : 10,
      "Text" : "[1;5C"
    },
    "0xf701-0x260000" : {
      "Action" : 10,
      "Text" : "[1;6B"
    },
    "0xf702-0x280000" : {
      "Action" : 11,
      "Text" : "0x1b 0x1b 0x5b 0x44"
    },
    "0xf72b-0x20000" : {
      "Action" : 10,
      "Text" : "[1;2F"
    },
    "0x36-0x40000" : {
      "Action" : 11,
      "Text" : "0x1e"
    },
    "0xf708-0x20000" : {
      "Action" : 10,
      "Text" : "[15;2~"
    },
    "0xf701-0x220000" : {
      "Action" : 10,
      "Text" : "[1;2B"
    },
    "0xf70b-0x20000" : {
      "Action" : 10,
      "Text" : "[19;2~"
    },
    "0xf702-0x240000" : {
      "Action" : 10,
      "Text" : "[1;5D"
    },
    "0xf704-0x20000" : {
      "Action" : 10,
      "Text" : "[1;2P"
    }
  },
  "Window Type" : 7,
  "Cursor Boost" : 0,
  "Cursor Type" : 0,
  "Background Image Location" : "",
  "Blur" : false,
  "Badge Color" : {
    "Red Component" : 1,
    "Color Space" : "sRGB",
    "Blue Component" : 0,
    "Alpha Component" : 0.5,
    "Green Component" : 0.1491314172744751
  },
  "Scrollback Lines" : 1000,
  "Send Code When Idle" : false,
  "Close Sessions On End" : true,
  "Terminal Type" : "xterm-256color",
  "Visual Bell" : true,
  "Flashing Bell" : false,
  "Silence Bell" : false,
  "Ansi 14 Color" : {
    "Green Component" : 0.81977206468582153,
    "Blue Component" : 0.92060363292694092,
    "Red Component" : 0.34416967630386353
  },
  "Name" : "Default",
  "Cursor Text Color" : {
    "Red Component" : 0.8983154296875,
    "Color Space" : "sRGB",
    "Blue Component" : 0.54991938360035419,
    "Alpha Component" : 1,
    "Green Component" : 0.89831501480722109
  },
  "Shortcut" : "",
  "Cursor Color" : {
    "Red Component" : 0.88153076171875,
    "Color Space" : "sRGB",
    "Blue Component" : 0.45983902923762798,
    "Alpha Component" : 1,
    "Green Component" : 0.88152918431825456
  },
  "Ansi 0 Color" : {
    "Green Component" : 0.10051288455724716,
    "Blue Component" : 0.10051459074020386,
    "Red Component" : 0.10051589459180832
  },
  "Guid" : "CEE66B28-B674-4CC8-BA5C-A50EC52BA132",